<?xml version="1.0" encoding="UTF-8"?>
<Configuration status="WARN" monitorInterval="30">

    <Properties>
        <Property name="LOG_PATTERN">%d{yyyy-MM-dd'T'HH:mm:ss.SSSZ} %p %m%n</Property>
        <Property name="APP_LOG_ROOT">/afs2/tieacc/current/scratch/weblogiclogs</Property>
    </Properties>
    <Appenders>
        <Console name="Console" target="SYSTEM_OUT" follow="true">
            <PatternLayout pattern="${LOG_PATTERN}" />
        </Console>
 
        <RollingFile name="appLog"
            fileName="${APP_LOG_ROOT}/prequalAPI-rollingfile.log"
            filePattern="${APP_LOG_ROOT}/prequalAPI-rollingfile-%d{yyyy-MM-dd}-%i.log">
            <PatternLayout pattern="${LOG_PATTERN}" />
            <Policies>
                <SizeBasedTriggeringPolicy size="20000KB" />
            </Policies>
            <DefaultRolloverStrategy max="1" />
        </RollingFile>
    </Appenders>
    <Loggers>
 <!-- 
        <Logger name="com.tie.emtn" level="debug" additivity="true">
            <AppenderRef ref="appLog" level="debug"/>
             <AppenderRef ref="Console" /> 
        </Logger>
-->
        <Root level="debug" additivity="false">
            <AppenderRef ref="appLog" />
        </Root>
    </Loggers>

</Configuration>