<?xml version="1.0"?>
<faces-config xmlns="http://java.sun.com/xml/ns/javaee"
	xmlns:xsi="http://www.w3.org/2001/XMLSchema-instance"
	xsi:schemaLocation="http://java.sun.com/xml/ns/javaee 
      http://java.sun.com/xml/ns/javaee/web-facesconfig_2_0.xsd"
	version="2.0">

	<render-kit>
		<render-kit-id>HTML_BASIC</render-kit-id>
		<render-kit-class>ch.security4web.esapi.renderkit.EsapiHtmlRenderKitImpl</render-kit-class>

		<!-- <renderer> <component-family>javax.faces.Input</component-family> 
			<renderer-type>javax.faces.Text</renderer-type> <renderer-class>esapi.unifreiburg.renderkit.EsapiTextRenderer</renderer-class> 
			</renderer> <renderer> <component-family>javax.faces.OutcomeTarget</component-family> 
			<renderer-type>javax.faces.Link</renderer-type> <renderer-class>esapi.unifreiburg.renderkit.EsapiOutputLinkRenderer</renderer-class> 
			</renderer> -->
	</render-kit>

	<!-- <application> <system-event-listener> <system-event-listener-class>esapi.unifreiburg.xss.PreRenderViewListener</system-event-listener-class> 
		<system-event-class>javax.faces.event.PreRenderViewEvent</system-event-class> 
		</system-event-listener> </application> -->

	<!-- <navigation-rule> <from-view-id>/page1.xhtml</from-view-id> <navigation-case> 
		<from-outcome>redirectOutcome</from-outcome> <to-view-id>/page2.xhtml</to-view-id> 
		<redirect> <view-param> <name>entryName</name> <value>#{someBean.value}</value> 
		</view-param> </redirect> </navigation-case> </navigation-rule> -->

	<component>
		<component-type>OwaspCSRFTokenInput</component-type>
		<component-class>ch.security4web.esapi.csrf.OwaspCSRFTokenInput</component-class>
	</component>
	<component>
		<component-type>EsapiAuthorization</component-type>
		<component-class>ch.security4web.esapi.authentication.EsapiAuthorization</component-class>
	</component>
</faces-config>
