<?xml version="1.0" encoding="ISO-8859-1" ?>

<!DOCTYPE struts-config PUBLIC
          "-//Apache Software Foundation//DTD Struts Configuration 1.3//EN"
          "http://struts.apache.org/dtds/struts-config_1_3.dtd">

<struts-config>

    <form-beans>
    	<form-bean name="iform" type="com.test.form.InvitationForm"/>
    </form-beans>


     
    <action-mappings>
        <action path="/invitation" type="com.test.action.InvitationAction" name="iform" input="/index.jsp" scope="session" parameter="action">
        	<forward name="success" path="/index.jsp" redirect="true"/>
        </action>    
    </action-mappings>
    


</struts-config>
