<?xml version="1.0" encoding="ISO-8859-1" ?>

<!DOCTYPE struts-config PUBLIC
          "-//Apache Software Foundation//DTD Struts Configuration 1.3//EN"
          "http://struts.apache.org/dtds/struts-config_1_3.dtd">

<struts-config>
	
	<form-beans>
		<form-bean name="userForm" type="com.test.form.UserForm" />	
	</form-beans>
	
	<action-mappings>

	 	<action
			path="/Register"
			type="com.test.action.UserAction"
			name="userForm"
			input="/index.jsp"
			>
 
			<forward name="success" path="/homePage.jsp"/>
 
		</action>

		<action
			path="/RegisterUserPage"
			type="org.apache.struts.actions.ForwardAction"
			parameter="/pages/RegisterUser.jsp"/>
		
	</action-mappings>
	
	<message-resources parameter="user" />
	
	
	<plug-in className="org.apache.struts.validator.ValidatorPlugIn" >
		<set-property property="pathnames"
		value="/WEB-INF/validator-rules.xml, /WEB-INF/validator-user.xml"/>
		
	</plug-in>


</struts-config>
