<?xml version="1.0" encoding="UTF-8"?>
<con:soapui-project name="Patel statusUpdateService" soapui-version="4.0.0" xmlns:con="http://eviware.com/soapui/config"><con:settings/><con:interface xsi:type="con:WsdlInterface" wsaVersion="NONE" name="OrderStatusDetailsSoap11" type="wsdl" bindingName="{https://www.patelsoap101.com/xml/orderstatus}OrderStatusDetailsSoap11" soapVersion="1_1" anonymous="optional" definition="http://localhost:8080/services/statusUpdateService.wsdl" xmlns:xsi="http://www.w3.org/2001/XMLSchema-instance"><con:settings/><con:definitionCache type="TEXT" rootPart="http://localhost:8080/services/statusUpdateService.wsdl"><con:part><con:url>http://localhost:8080/services/statusUpdateService.wsdl</con:url><con:content><![CDATA[<wsdl:definitions targetNamespace="https://www.patelsoap101.com/xml/orderstatus" xmlns:wsdl="http://schemas.xmlsoap.org/wsdl/" xmlns:sch="https://www.patelsoap101.com/xml/orderstatus" xmlns:soap="http://schemas.xmlsoap.org/wsdl/soap/" xmlns:tns="https://www.patelsoap101.com/xml/orderstatus">
  <wsdl:types>
    <xs:schema elementFormDefault="qualified" targetNamespace="https://www.patelsoap101.com/xml/orderstatus" xmlns:xs="http://www.w3.org/2001/XMLSchema">
      <xs:element name="OrderStatusRequest">
        <xs:complexType>
          <xs:sequence>
            <xs:element name="order" type="xs:string"/>
          </xs:sequence>
        </xs:complexType>
      </xs:element>
      <xs:element name="OrderStatusResponse">
        <xs:complexType>
          <xs:sequence>
            <xs:element name="OrderStatus" type="tns:OrderStatus"/>
          </xs:sequence>
        </xs:complexType>
      </xs:element>
      <xs:complexType name="OrderStatus">
        <xs:sequence>
          <xs:element name="orderId" type="xs:string"/>
          <xs:element name="status" type="xs:string"/>
          <xs:element name="subStatus" type="xs:string"/>
        </xs:sequence>
      </xs:complexType>
    </xs:schema>
  </wsdl:types>
  <wsdl:message name="OrderStatusResponse">
    <wsdl:part element="tns:OrderStatusResponse" name="OrderStatusResponse"></wsdl:part>
  </wsdl:message>
  <wsdl:message name="OrderStatusRequest">
    <wsdl:part element="tns:OrderStatusRequest" name="OrderStatusRequest"></wsdl:part>
  </wsdl:message>
  <wsdl:portType name="OrderStatusDetails">
    <wsdl:operation name="OrderStatus">
      <wsdl:input message="tns:OrderStatusRequest" name="OrderStatusRequest"></wsdl:input>
      <wsdl:output message="tns:OrderStatusResponse" name="OrderStatusResponse"></wsdl:output>
    </wsdl:operation>
  </wsdl:portType>
  <wsdl:binding name="OrderStatusDetailsSoap11" type="tns:OrderStatusDetails">
    <soap:binding style="document" transport="http://schemas.xmlsoap.org/soap/http"/>
    <wsdl:operation name="OrderStatus">
      <soap:operation soapAction=""/>
      <wsdl:input name="OrderStatusRequest">
        <soap:body use="literal"/>
      </wsdl:input>
      <wsdl:output name="OrderStatusResponse">
        <soap:body use="literal"/>
      </wsdl:output>
    </wsdl:operation>
  </wsdl:binding>
  <wsdl:service name="OrderStatusDetailsService">
    <wsdl:port binding="tns:OrderStatusDetailsSoap11" name="OrderStatusDetailsSoap11">
      <soap:address location="http://localhost:8080/services/status-update"/>
    </wsdl:port>
  </wsdl:service>
</wsdl:definitions>]]></con:content><con:type>http://schemas.xmlsoap.org/wsdl/</con:type></con:part></con:definitionCache><con:endpoints><con:endpoint>http://localhost:8080/services/status-update</con:endpoint></con:endpoints><con:operation isOneWay="false" action="" name="OrderStatus" bindingOperationName="OrderStatus" type="Request-Response" outputName="OrderStatusResponse" inputName="OrderStatusRequest" receivesAttachments="false" sendsAttachments="false" anonymous="optional"><con:settings/><con:call name="Request 1"><con:settings><con:setting id="com.eviware.soapui.impl.wsdl.WsdlRequest@request-headers">&lt;xml-fragment/></con:setting></con:settings><con:encoding>UTF-8</con:encoding><con:endpoint>http://localhost:8080/services/status-update</con:endpoint><con:request><![CDATA[<soapenv:Envelope xmlns:soapenv="http://schemas.xmlsoap.org/soap/envelope/" xmlns:ord="https://www.patelsoap101.com/xml/orderstatus">
   <soapenv:Header/>
   <soapenv:Body>
      <ord:OrderStatusRequest>
         <ord:order>10001</ord:order>
      </ord:OrderStatusRequest>
   </soapenv:Body>
</soapenv:Envelope>]]></con:request><con:jmsConfig JMSDeliveryMode="PERSISTENT"/><con:jmsPropertyConfig/><con:wsaConfig mustUnderstand="NONE" version="200508" action="https://www.patelsoap101.com/xml/orderstatus/OrderStatusDetails/OrderStatusRequest"/><con:wsrmConfig version="1.2"/></con:call></con:operation></con:interface><con:properties/><con:wssContainer/></con:soapui-project>