<?xml version="1.0" encoding="ISO-8859-1" ?>

<!DOCTYPE struts-config PUBLIC
          "-//Apache Software Foundation//DTD Struts Configuration 1.3//EN"
          "http://struts.apache.org/dtds/struts-config_1_3.dtd">

<struts-config>

    <form-beans>
    	<form-bean name="form1" type="com.test.form.HelloWorldForm"/>
    </form-beans>

	<!-- <global-forwards>
        <forward name="helloWorld" path="/helloWorld.jsp"/>
    </global-forwards>
     -->
     
    <action-mappings>
        <action path="/register" type="com.test.action.HelloWorldAction" name="form1" input="/index.jsp" scope="session" validate="true">
        	<forward name="success" path="/helloWorld.jsp" />
        </action>    
    </action-mappings>
    
    <message-resources parameter="MessageResources"/>

</struts-config>
